dataset,model_cn,r2_mean,r2_std,mae_mean,train_r2_mean,feature_count,validation
Stage 1 SME规模层,多元线性回归,0.8729147013116723,0.04207018596040023,1.7700443353665463,0.9187907651629293,10,GroupKFold by country
Stage 1 SME规模层,岭回归,0.8743496843059789,0.03857902201505447,1.7730233631385328,0.9181831602413956,10,GroupKFold by country
Stage 1 SME规模层,随机森林,0.8607247203083361,0.04592564414823964,1.7978086963580118,0.9659510778011585,10,GroupKFold by country
Stage 1 SME规模层,ExtraTrees,0.8629979102778071,0.0561123724226989,1.7424608621610413,0.9863680295905202,10,GroupKFold by country
Stage 2 行业验证层,多元线性回归,0.6973765145940506,0.038194031629699046,2.1045964300905546,0.7131524198195122,10,GroupKFold by country
Stage 2 行业验证层,岭回归,0.6974221946179477,0.038167772104845406,2.1050609102071265,0.7131516857110837,10,GroupKFold by country
Stage 2 行业验证层,随机森林,0.68306735929693,0.03630183838652519,2.144076928880028,0.9080424406135661,10,GroupKFold by country
Stage 2 行业验证层,ExtraTrees,0.7073337241021166,0.029839828478671577,2.1059703717580383,0.9683137240900344,10,GroupKFold by country
